angle,displacement,trans_speed,res
77.080078125,-1.581298828125,2.92877197265625,0.045721888257438004
-51.8798828125,0.9322509765625,1.581573486328125,12.605503860221253
-25.556640625,-0.712646484375,1.74041748046875,5.128591975178424
-57.01416015625,1.88128662109375,10.655136108398438,2.871264931043492
50.44677734375,-1.19781494140625,14.606552124023438,0.473621873345674
38.12255859375,-1.06256103515625,8.730697631835938,0.971731314741003
4.6240234375,-0.9090576171875,1.817779541015625,2.453940242761226
25.0634765625,0.9544677734375,7.196502685546875,8.467043843325126
24.5947265625,1.4818115234375,10.023651123046875,5.526884080402169
-67.47314453125,0.95037841796875,13.234176635742188,3.13526806083936
69.5068359375,1.0704345703125,11.672515869140625,5.507668073176208
29.5068359375,-1.9295654296875,0.42251586914062506,0.595182322379553
-50.4931640625,0.0704345703125,7.922515869140625,13.084482795971685
-77.00439453125,1.38397216796875,4.7820281982421875,2.7797769931613043
2.99560546875,-0.61602783203125,12.282028198242188,2.918046705015029
42.99560546875,0.38397216796875,1.032028198242187,8.67751483771398
7.30712890625,-0.49774169921875,6.6904449462890625,3.445746558692084
-72.69287109375,1.50225830078125,14.190444946289062,2.612531498813683
-70.19287109375,0.93975830078125,3.643569946289062,8.37074428158873
-61.6552734375,1.1380615234375,5.218963623046875,4.813847067023938
18.3447265625,-0.8619384765625,12.718963623046875,1.693328255038129
58.3447265625,0.1380615234375,1.468963623046875,4.054262752059138
-72.30224609375,1.70343017578125,8.191909790039062,2.652085813632584
-74.80224609375,0.76593017578125,4.207534790039062,8.460842468857036
5.19775390625,-1.23406982421875,11.707534790039062,1.776380962369539
53.5009765625,0.3216552734375,12.264862060546875,3.376727874041594
13.5009765625,-0.6783447265625,1.014862060546875,2.6099773344391872
-66.4990234375,1.3216552734375,8.514862060546875,3.094368677515086
41.8505859375,-1.4725341796875,9.167633056640625,0.642764852648657
1.8505859375,1.5274658203125,5.417633056640625,6.7580699984732835
-78.1494140625,-0.4725341796875,12.917633056640625,9.428924874120982
1.6064453125,-0.6876220703125,14.112396240234375,2.676224527617007
41.6064453125,0.3123779296875,2.862396240234375,6.994308161417961
-38.3935546875,-1.6876220703125,10.362396240234375,3.440403998576636
-60.302734375,1.111083984375,10.15411376953125,3.39076586896875
-65.302734375,-1.263916015625,2.18536376953125,11.405306608129287
14.697265625,0.736083984375,9.68536376953125,7.285067654001934
62.9248046875,1.4215087890625,13.289337158203125,5.12530125325026
22.9248046875,-1.5784912109375,2.039337158203125,1.10622807381087
-57.0751953125,0.4215087890625,9.539337158203125,8.527615021546739
-47.0751953125,-1.8284912109375,4.851837158203125,4.321337495982096
32.9248046875,0.1715087890625,12.351837158203125,5.095107875042615
72.9248046875,-0.8284912109375,1.101837158203125,0.28181548454321803
-7.0751953125,1.1715087890625,8.601837158203125,5.722298554728766
-27.0751953125,0.6715087890625,2.976837158203125,14.942598150143446
52.9248046875,-1.3284912109375,10.476837158203125,0.434743603495962
12.9248046875,1.6715087890625,6.726837158203125,6.610358390515495
-67.0751953125,-0.3284912109375,14.226837158203125,9.594522292274572
-62.0751953125,0.0465087890625,7.195587158203125,13.425874367477556
17.9248046875,-1.9534912109375,14.695587158203125,0.869799807596727
57.9248046875,1.0465087890625,3.445587158203125,9.47953108324379
-22.0751953125,-0.9534912109375,10.945587158203125,3.539019166998521
-2.0751953125,-1.4534912109375,1.570587158203125,2.031927424676531
77.9248046875,0.5465087890625,9.070587158203125,5.552369874701755
37.9248046875,-0.4534912109375,5.320587158203125,1.879783055139865
-42.0751953125,1.5465087890625,12.820587158203125,3.406436315214783
-52.0751953125,-0.2034912109375,2.508087158203125,14.855753319602803
27.9248046875,1.7965087890625,10.008087158203125,5.943373251179283
67.9248046875,-1.2034912109375,6.258087158203125,0.201922357095312
-12.0751953125,0.7965087890625,13.758087158203125,5.183830634037259
-32.0751953125,1.2965087890625,4.383087158203125,6.077568574201098
47.9248046875,-0.7034912109375,11.883087158203125,0.9608374582740141
32.97119140625,-0.87371826171875,9.594497680664062,1.31148786062372
72.97119140625,0.12628173828125,5.8444976806640625,5.472100108916702
-7.02880859375,-1.87371826171875,13.344497680664062,1.580824859328892
-27.02880859375,-0.37371826171875,3.969497680664062,7.981325803657439
52.97119140625,1.62628173828125,11.469497680664062,5.526910810924928
12.97119140625,-1.37371826171875,0.21949768066406203,0.803190503093241
-67.02880859375,0.62628173828125,7.7194976806640625,6.841137702825045
-62.02880859375,-0.99871826171875,0.6882476806640621,11.228868735996754
17.97119140625,1.00128173828125,8.188247680664062,7.782552338966484
57.97119140625,-1.99871826171875,4.4382476806640625,0.265298640006136
-22.02880859375,0.00128173828125,11.938247680664062,8.816906948575223
-2.02880859375,1.50128173828125,6.313247680664062,6.30463745777479
77.97119140625,-0.49871826171875,13.813247680664062,2.183883163741035
37.97119140625,0.50128173828125,2.563247680664062,9.599998587188633
-42.02880859375,-1.49871826171875,10.063247680664062,4.031223202314986
-52.02880859375,0.75128173828125,5.3757476806640625,10.859719531364036
27.97119140625,-1.24871826171875,12.875747680664062,1.041096995254298
67.97119140625,1.75128173828125,1.625747680664062,8.560397294063673
-12.02880859375,-0.24871826171875,9.125747680664062,6.137988990128433
-32.02880859375,-1.74871826171875,3.500747680664062,3.08005076811814
47.97119140625,0.25128173828125,11.000747680664062,3.9397265727978192
7.97119140625,-0.74871826171875,7.250747680664062,2.554973212780866
-72.02880859375,1.25128173828125,14.750747680664062,2.744613924841566
-74.52880859375,0.18878173828125,3.266372680664062,15.977919651690433
5.47119140625,-1.81121826171875,10.766372680664062,1.352986396831919
-47.11181640625,-1.47857666015625,14.846420288085938,3.672113143749831
-57.11181640625,0.77142333984375,0.7839202880859371,14.907538080763018
22.88818359375,-1.22857666015625,8.283920288085938,1.298991970164266
62.88818359375,1.77142333984375,4.5339202880859375,7.442572956426604
-17.11181640625,-0.22857666015625,12.033920288085938,6.278115288159205
-37.11181640625,-1.72857666015625,6.4089202880859375,3.516629029456235
42.88818359375,0.27142333984375,13.908920288085938,4.182534255835939
2.88818359375,-0.72857666015625,2.658920288085937,2.941519133781543
-77.11181640625,1.27142333984375,10.158920288085938,2.589332515493494
-75.86181640625,-0.50982666015625,0.43235778808593706,16.61765779978227
4.13818359375,1.49017333984375,7.9323577880859375,5.969002001919599
44.13818359375,-1.50982666015625,4.182357788085937,0.656513053183649
-35.86181640625,0.49017333984375,11.682357788085938,6.952657916359128
-15.86181640625,1.99017333984375,6.057357788085937,4.7680984901616394
64.13818359375,-0.00982666015625,13.557357788085938,1.6413290522705002
24.13818359375,0.99017333984375,2.307357788085937,10.097281394058667
-55.86181640625,-1.00982666015625,9.807357788085938,7.12528919941132
-45.86181640625,0.74017333984375,5.119857788085937,12.07302429729672
34.13818359375,-1.25982666015625,12.619857788085938,0.878222384616792
74.13818359375,1.74017333984375,1.369857788085937,9.294928940430784
-5.86181640625,-0.25982666015625,8.869857788085938,5.505794920164604
-25.86181640625,-1.75982666015625,3.244857788085937,2.724210782182792
54.13818359375,0.24017333984375,10.744857788085938,3.366508911759973
14.13818359375,-0.75982666015625,6.9948577880859375,2.261061781290913
-65.86181640625,1.24017333984375,14.494857788085938,2.887144503396952
-22.45849609375,-1.47235107421875,7.210464477539062,2.907919067837071
57.54150390625,0.52764892578125,14.710464477539062,4.14754660639431
17.54150390625,-0.47235107421875,3.460464477539062,3.02649112841332
-62.45849609375,1.52764892578125,10.960464477539062,2.952510784010062
-67.45849609375,-1.84735107421875,2.991714477539062,9.802413874606861
12.54150390625,0.15264892578125,10.491714477539062,7.31347238597935
52.54150390625,-0.84735107421875,6.7417144775390625,0.7726457099977011
-27.45849609375,1.15264892578125,14.241714477539062,3.883408868886312
-7.45849609375,0.65264892578125,4.8667144775390625,13.275475553040481
72.54150390625,-1.34735107421875,12.366714477539062,0.051304485603485
32.54150390625,1.65264892578125,1.116714477539062,8.133427272341066
-47.45849609375,-0.34735107421875,8.616714477539062,10.060250337652795
-57.45849609375,1.90264892578125,5.8042144775390625,3.24712470945737
22.54150390625,-0.09735107421875,13.304214477539062,4.041865992054603
62.54150390625,0.90264892578125,2.054214477539062,9.923641069426823
-17.45849609375,-1.09735107421875,9.554214477539062,3.042937060734385
-37.45849609375,-0.59735107421875,0.179214477539062,3.943418234989608
42.54150390625,1.40264892578125,7.6792144775390625,6.826536633379214
2.54150390625,-1.59735107421875,3.929214477539062,1.7020118140734222
-77.45849609375,0.40264892578125,11.429214477539062,5.853756839413342
-76.20849609375,-1.62860107421875,6.155776977539062,12.863255562309105
3.79150390625,0.37139892578125,13.655776977539062,6.25398167146349
43.79150390625,-0.62860107421875,2.405776977539062,1.423645111224227
-36.20849609375,1.37139892578125,9.905776977539062,4.18263875549906
-16.20849609375,0.87139892578125,0.5307769775390621,12.876735772249909
69.814453125,1.201904296875,13.89312744140625,4.958257082031508
29.814453125,-1.798095703125,2.64312744140625,0.8292850560653371
-50.185546875,0.201904296875,10.14312744140625,10.684354329281142
-40.185546875,-1.548095703125,5.45562744140625,4.110876941275845
39.814453125,0.451904296875,12.95562744140625,4.729693263077929
79.814453125,-0.548095703125,1.70562744140625,4.89995303662364
-0.185546875,1.451904296875,9.20562744140625,5.464335762494687
-20.185546875,0.951904296875,3.58062744140625,10.874747825403098
59.814453125,-1.048095703125,11.08062744140625,0.34391624260777803
19.814453125,1.951904296875,7.33062744140625,6.445578582053021
-60.185546875,-0.048095703125,14.83062744140625,9.78820429251984
-65.185546875,0.326904296875,6.86187744140625,11.38064095288658
14.814453125,-1.673095703125,14.36187744140625,1.080044750226088
54.814453125,1.326904296875,3.11187744140625,8.647260414134916
-25.185546875,-0.673095703125,10.61187744140625,4.7674227816027415
-5.185546875,-1.173095703125,1.23687744140625,2.498886993515201
74.814453125,0.826904296875,8.73687744140625,6.06118857949353
34.814453125,-0.173095703125,4.98687744140625,3.203950270350715
-45.185546875,1.826904296875,12.48687744140625,3.062024821917027
-55.185546875,-0.423095703125,2.17437744140625,13.611796147144926
24.814453125,1.576904296875,9.67437744140625,5.645422569372774
64.814453125,-1.423095703125,5.92437744140625,0.231346561118519
-15.185546875,0.576904296875,13.42437744140625,5.924343076745225
-35.185546875,1.076904296875,4.04937744140625,8.710018320228677
44.814453125,-0.923095703125,11.54937744140625,0.846837784443983
50.1416015625,0.1790771484375,11.393280029296875,3.5026338674917623
10.1416015625,-0.8209228515625,0.143280029296875,1.1656745866902951
-69.8583984375,1.1790771484375,7.643280029296875,3.134933991542345
-64.8583984375,-1.4459228515625,0.612030029296875,7.987842362967989
15.1416015625,0.5540771484375,8.112030029296875,7.838765808507451
55.1416015625,-0.4459228515625,4.362030029296875,1.121671859117771
-24.8583984375,1.5540771484375,11.862030029296875,4.032242927211125
-4.8583984375,0.0540771484375,6.237030029296875,9.228480750842394
75.1416015625,-1.9459228515625,13.737030029296875,0.021240009972813
35.1416015625,1.0540771484375,2.487030029296875,9.611908132992724
-44.8583984375,-0.9459228515625,9.987030029296875,5.800680729716759
-54.8583984375,1.3040771484375,5.299530029296875,4.276234977149781
25.1416015625,-0.6959228515625,12.799530029296875,1.704154314614874
65.1416015625,0.3040771484375,1.549530029296875,6.869005866072344
-14.8583984375,-1.6959228515625,9.049530029296875,2.19687873282447
-34.8583984375,-0.1959228515625,3.424530029296875,11.499490546526937
45.1416015625,1.8040771484375,10.924530029296875,5.515993712414257
5.1416015625,-1.1959228515625,7.174530029296875,1.971271269318895
-74.8583984375,0.8040771484375,14.674530029296875,3.415811866788718
-72.3583984375,1.7415771484375,3.190155029296875,2.8229712002410112
7.6416015625,-0.2584228515625,10.690155029296875,4.278767823722124
47.6416015625,0.7415771484375,6.940155029296875,7.893975023039915
-32.3583984375,-1.2584228515625,14.440155029296875,3.147796828068331
-12.3583984375,-0.7584228515625,5.065155029296875,3.864054365024851
67.6416015625,1.2415771484375,12.565155029296875,5.331844126416375
78.32763671875,1.88934326171875,12.093429565429688,5.245227489970654
38.32763671875,-1.11065673828125,0.8434295654296871,1.088578055518342
-41.67236328125,0.88934326171875,8.343429565429688,5.905050064713267
-51.67236328125,-1.36065673828125,7.4059295654296875,6.185923894359096
28.32763671875,0.63934326171875,14.905929565429688,5.228129582580784
68.32763671875,-0.36065673828125,3.655929565429687,0.566143072257836
-11.67236328125,1.63934326171875,11.155929565429688,4.558106756293335
-31.67236328125,0.13934326171875,1.780929565429687,14.740598365423086
48.32763671875,-1.86065673828125,9.280929565429688,0.38988077268625104
8.32763671875,1.13934326171875,5.5309295654296875,7.9415762938483905
-71.67236328125,-0.86065673828125,13.030929565429688,9.207975730781834
-74.17236328125,-1.67315673828125,1.077804565429687,13.327711821248261
5.82763671875,0.32684326171875,8.577804565429688,8.075542552533124
45.82763671875,-0.67315673828125,4.8278045654296875,1.251773870869838
-34.17236328125,1.32684326171875,12.327804565429688,3.8574461028587743
-14.17236328125,0.82684326171875,6.7028045654296875,10.22451850512989
65.82763671875,-1.17315673828125,14.202804565429688,0.15164384791474
25.82763671875,1.82684326171875,2.952804565429687,7.9082841143128615
-54.17236328125,-0.17315673828125,10.452804565429688,10.317040056355971
-44.17236328125,1.57684326171875,3.890304565429687,4.820015711972952
35.82763671875,-0.42315673828125,11.390304565429688,1.7675226417068832
75.82763671875,0.57684326171875,0.140304565429687,8.816906018434294
-4.17236328125,-1.42315673828125,7.6403045654296875,2.09418183264259
-24.17236328125,-0.92315673828125,2.015304565429687,4.090882177720356
55.82763671875,1.07684326171875,9.515304565429688,6.668046404121922
79.29931640625,-1.99285888671875,13.190689086914062,0.010102835725422001
39.29931640625,1.00714111328125,1.940689086914062,10.014691038525733
-40.70068359375,-0.99285888671875,9.440689086914062,5.346440744049
-50.70068359375,1.25714111328125,4.7531890869140625,5.189649048774156
29.29931640625,-0.74285888671875,12.253189086914062,1.5274715793257
69.29931640625,0.25714111328125,1.003189086914062,6.846241994078518
-10.70068359375,-1.74285888671875,8.503189086914062,1.992968208081504
-30.70068359375,-0.24285888671875,2.878189086914062,10.054585278849572
49.29931640625,1.75714111328125,10.378189086914062,5.690739914737848
9.29931640625,-1.24285888671875,6.6281890869140625,1.788131369048804
-70.70068359375,0.75714111328125,14.128189086914062,3.656389837179214
-73.20068359375,1.69464111328125,3.581314086914062,2.832985694289115
6.79931640625,-0.30535888671875,11.081314086914062,4.033322174159328
46.79931640625,0.69464111328125,7.331314086914062,7.476979067416435
-33.20068359375,-1.30535888671875,14.831314086914062,3.063054940199432
-13.20068359375,-0.80535888671875,5.4563140869140625,3.763109509471251
66.79931640625,1.19464111328125,12.956314086914062,5.248355591403328
26.79931640625,-1.80535888671875,1.706314086914062,0.9312255955212071
-53.20068359375,0.19464111328125,9.206314086914062,11.298204639098266
-43.20068359375,-1.55535888671875,6.3938140869140625,4.387334134574541
36.79931640625,0.44464111328125,13.893814086914062,4.779999411179132
76.79931640625,-0.55535888671875,2.643814086914062,2.312539271738992
-3.20068359375,1.44464111328125,10.143814086914062,5.113611329403341
-23.20068359375,0.94464111328125,0.7688140869140621,11.890721197111269
56.79931640625,-1.05535888671875,8.268814086914062,0.4687081168822
41.40380859375,1.08978271484375,10.034408569335938,6.681369988405773
1.40380859375,-1.91021728515625,6.284408569335937,1.418989118919812
-78.59619140625,0.08978271484375,13.784408569335938,7.546061892223174
-77.97119140625,-0.98834228515625,1.186752319335937,17.03903962835207
2.02880859375,1.01165771484375,8.686752319335938,7.147816932366737
42.02880859375,-1.98834228515625,4.9367523193359375,0.49497652920496904
-37.97119140625,0.01165771484375,12.436752319335938,9.806855838815348
-17.97119140625,1.51165771484375,6.8117523193359375,5.390029666581521
62.02880859375,-0.48834228515625,14.311752319335938,0.5424878398396771
22.02880859375,0.51165771484375,3.061752319335937,11.177052932893343
-57.97119140625,-1.48834228515625,10.561752319335938,5.602233394095939
-47.97119140625,0.76165771484375,3.999252319335937,13.192739688213301
32.02880859375,-1.23834228515625,11.499252319335938,0.9697614379390761
72.02880859375,1.76165771484375,0.24925231933593703,6.25230242094046
-7.97119140625,-0.23834228515625,7.7492523193359375,6.090064493374911
-27.97119140625,-1.73834228515625,2.124252319335937,2.813091263673038
52.02880859375,0.26165771484375,9.624252319335938,3.79343836590218
12.02880859375,-0.73834228515625,5.8742523193359375,2.469983454114818
-67.97119140625,1.26165771484375,13.374252319335938,2.83919009633447
-62.97119140625,-1.11334228515625,6.343002319335937,11.061626676644233
17.02880859375,0.88665771484375,13.843002319335938,5.308537166653986
57.02880859375,-0.11334228515625,2.593002319335937,2.319342672797897
-22.97119140625,1.88665771484375,10.093002319335938,4.036396899791497
-2.97119140625,0.38665771484375,0.7180023193359371,13.526910990090547
77.02880859375,-1.61334228515625,8.218002319335938,0.012416915631009
-16.884765625,1.801025390625,14.55047607421875,3.761860393473236
-36.884765625,0.301025390625,5.17547607421875,16.396406258061134
43.115234375,-1.698974609375,12.67547607421875,0.49212653540120604
3.115234375,1.301025390625,1.42547607421875,7.914734491665509
-76.884765625,-0.698974609375,8.92547607421875,10.239530099536461
-75.634765625,1.457275390625,2.94891357421875,2.848810022985241
4.365234375,-0.542724609375,10.44891357421875,3.244073109051339
44.365234375,0.457275390625,6.69891357421875,6.172660354459541
-35.634765625,-1.542724609375,14.19891357421875,2.916491276152967
-15.634765625,-0.042724609375,4.82391357421875,9.897902588497242
64.365234375,1.957275390625,12.32391357421875,5.245303818808539
24.365234375,-1.042724609375,1.07391357421875,1.595162163491197
-55.634765625,0.957275390625,8.57391357421875,4.479871727163459
-45.634765625,-1.292724609375,5.76141357421875,5.581314938448037
34.365234375,0.707275390625,13.26141357421875,5.37611746926571
74.365234375,-0.292724609375,2.01141357421875,3.009348600886679
-5.634765625,1.707275390625,9.51141357421875,4.973662673490874
-25.634765625,0.207275390625,0.13641357421875,14.02221610435
54.365234375,-1.792724609375,7.63641357421875,0.323400603940292
14.365234375,1.207275390625,3.88641357421875,7.900300025884314
-65.634765625,-0.792724609375,11.38641357421875,8.928009735426237
-60.634765625,0.582275390625,4.35516357421875,13.791338374762729
19.365234375,-1.417724609375,11.85516357421875,1.183881389238784
59.365234375,1.582275390625,0.60516357421875,8.21797943042736
-20.634765625,-0.417724609375,8.10516357421875,5.993802348486081
-19.13330078125,1.61102294921875,9.973068237304688,4.553682360695273
-39.13330078125,0.11102294921875,0.5980682373046871,15.058074936815837
40.86669921875,-1.88897705078125,8.098068237304688,0.524193011582878
0.86669921875,1.11102294921875,4.348068237304687,8.505970733640853
-79.13330078125,-0.88897705078125,11.848068237304688,9.574621573275294
-78.82080078125,-1.25616455078125,4.3773651123046875,15.813158020115498
1.17919921875,0.74383544921875,11.877365112304688,6.099533327600459
41.17919921875,-0.25616455078125,0.6273651123046871,2.631808664364412
-38.82080078125,1.74383544921875,8.127365112304688,3.9275897326277542
-18.82080078125,0.24383544921875,2.502365112304687,14.260829406717244
61.17919921875,-1.75616455078125,10.002365112304688,0.18681202638292801
21.17919921875,1.24383544921875,6.252365112304687,7.23433478690982
-58.82080078125,-0.75616455078125,13.752365112304688,7.482356571188928
-48.82080078125,1.49383544921875,1.564865112304687,5.282302057144087
31.17919921875,-0.50616455078125,9.064865112304688,1.940045392743048
71.17919921875,0.49383544921875,5.314865112304687,7.029040340056817
-8.82080078125,-1.50616455078125,12.814865112304688,1.951034063187722
-28.82080078125,-0.00616455078125,7.189865112304687,11.206578376364666
51.17919921875,1.99383544921875,14.689865112304688,4.732654501825383
11.17919921875,-1.00616455078125,3.439865112304687,2.089780420235695
-68.82080078125,0.99383544921875,10.939865112304688,3.217105817867727
-63.82080078125,-0.63116455078125,2.971115112304687,14.730348140509951
16.17919921875,1.36883544921875,10.471115112304688,5.383987505180588
56.17919921875,-1.63116455078125,6.7211151123046875,0.32953455648676505
-23.82080078125,0.36883544921875,14.221115112304688,7.054271341397611
-3.82080078125,1.86883544921875,4.8461151123046875,5.999784127255634
76.17919921875,-0.13116455078125,12.346115112304688,3.303097361003034
36.17919921875,0.86883544921875,1.096115112304687,10.916070902658802
-43.82080078125,-1.13116455078125,8.596115112304688,5.411690623086074
-53.82080078125,0.61883544921875,5.7836151123046875,11.929357537175612
26.17919921875,-1.38116455078125,13.283615112304688,0.9960329708228151
66.17919921875,1.61883544921875,2.033615112304687,8.688248170087116
-13.82080078125,-0.38116455078125,9.533615112304688,5.305034424014944
-33.82080078125,-1.88116455078125,0.158615112304687,0.29290854239802905
46.17919921875,0.11883544921875,7.6586151123046875,3.971959379810465
6.17919921875,-0.88116455078125,3.908615112304687,2.465799392394202
-73.82080078125,1.11883544921875,11.408615112304688,2.78528334295602
-71.32080078125,0.43133544921875,0.8617401123046871,16.90413453914802
8.67919921875,-1.56866455078125,8.361740112304688,1.456857820972588
48.67919921875,1.43133544921875,4.6117401123046875,7.578623710267875
-31.32080078125,-0.56866455078125,12.111740112304688,5.530423210776499
-11.32080078125,-1.06866455078125,6.4867401123046875,2.9592919455287223
68.67919921875,0.93133544921875,13.986740112304688,4.861075688793482
28.67919921875,-0.06866455078125,2.736740112304687,4.494043871635164
-51.32080078125,1.93133544921875,10.236740112304688,2.914241407427864
-41.32080078125,-0.31866455078125,5.5492401123046875,11.266642786482729
38.67919921875,1.68133544921875,13.049240112304688,4.94151385979749
78.67919921875,-1.31866455078125,1.799240112304687,0.055237022843679005
-1.32080078125,0.68133544921875,9.299240112304688,8.09339083042683
-21.32080078125,1.18133544921875,3.674240112304687,7.698806592043877
-57.431640625,-1.353271484375,12.69744873046875,5.3836219886599075
-47.431640625,0.896728515625,2.38494873046875,12.699710970957728
32.568359375,-1.103271484375,9.88494873046875,1.080161100753029
72.568359375,1.896728515625,6.13494873046875,7.503283880542588
-7.431640625,-0.103271484375,13.63494873046875,6.353016877168471
-27.431640625,-1.603271484375,4.25994873046875,3.012763762119901
52.568359375,0.396728515625,11.75994873046875,3.9990190276493323
12.568359375,-0.603271484375,0.50994873046875,2.753535906228994
-67.431640625,1.396728515625,8.00994873046875,3.057983970227221
-62.431640625,-1.228271484375,0.04119873046875,0.0013969630499390002
17.568359375,0.771728515625,7.54119873046875,8.825063991155034
57.568359375,-0.228271484375,3.79119873046875,1.294559060896967
-22.431640625,1.771728515625,11.29119873046875,3.990097013593177
-2.431640625,0.271728515625,5.66619873046875,10.898113784794427
77.568359375,-1.728271484375,13.16619873046875,0.010245035575543
37.568359375,1.271728515625,1.91619873046875,8.220729088495133
-42.431640625,-0.728271484375,9.41619873046875,6.624937619371761
-52.431640625,1.021728515625,4.72869873046875,8.164618452476468
27.568359375,-0.978271484375,12.22869873046875,1.2942748071954902
67.568359375,0.021728515625,0.97869873046875,3.15749529509581
-12.431640625,-1.978271484375,8.47869873046875,1.856031975252153
-32.431640625,-0.478271484375,2.85369873046875,7.89602740958236
47.568359375,1.521728515625,10.35369873046875,5.913705257741337
7.568359375,-1.478271484375,6.60369873046875,1.600140529483961
-72.431640625,0.521728515625,14.10369873046875,4.79557243832617
-74.931640625,1.959228515625,3.55682373046875,2.540528959424947
5.068359375,-0.040771484375,11.05682373046875,6.199097297967573
45.068359375,0.959228515625,7.30682373046875,8.092881007686508
-34.931640625,-1.040771484375,14.80682373046875,3.7530308610456773
-14.931640625,-0.540771484375,5.43182373046875,5.060004234538274
65.068359375,1.459228515625,12.93182373046875,5.199400111400997
25.068359375,-1.540771484375,1.68182373046875,1.115768892126068
-54.931640625,0.459228515625,9.18182373046875,8.758117658816078
-44.931640625,-1.790771484375,6.36932373046875,4.104760763256065
35.068359375,0.209228515625,13.86932373046875,4.891949147017449
75.068359375,-0.790771484375,2.61932373046875,0.157732942704707
-4.931640625,1.209228515625,10.11932373046875,5.111628744099755
-24.931640625,0.709228515625,0.74432373046875,14.745516236299565
55.068359375,-1.290771484375,8.24432373046875,0.427290371452462
15.068359375,1.709228515625,4.49432373046875,7.342543987753345
-64.931640625,-0.290771484375,11.99432373046875,9.935334620005278
-69.931640625,0.084228515625,4.02557373046875,16.81502482640623
10.068359375,-1.915771484375,11.52557373046875,1.137699039201904
50.068359375,1.084228515625,0.27557373046875,9.89770739988152
-29.931640625,-0.915771484375,7.77557373046875,4.6335870815432
-9.931640625,-1.415771484375,2.15057373046875,2.334863248247319
70.068359375,0.584228515625,9.65057373046875,5.5553064977304345
30.068359375,-0.415771484375,5.90057373046875,2.4284598987646753
-49.931640625,1.584228515625,13.40057373046875,3.078147778037552
-59.931640625,-0.165771484375,1.21307373046875,16.053870872661733
-28.63525390625,0.00286865234375,2.560043334960937,12.944111545910284
51.36474609375,-1.99713134765625,10.060043334960938,0.28952935410754105
11.36474609375,1.00286865234375,6.310043334960937,8.876677667880326
-68.63525390625,-0.99713134765625,13.810043334960938,8.335006545972497
-63.63525390625,0.62786865234375,5.8412933349609375,9.973332364842946
16.36474609375,-1.37213134765625,13.341293334960938,1.260352580739941
56.36474609375,1.62786865234375,2.091293334960937,7.718171337892189
-23.63525390625,-0.37213134765625,9.591293334960938,6.314698002225981
-3.63525390625,-1.87213134765625,0.21629333496093703,0.556128418396413
76.36474609375,0.12786865234375,7.7162933349609375,5.255034182504377
36.36474609375,-0.87213134765625,3.966293334960937,1.36570574897263
-43.63525390625,1.12786865234375,11.466293334960938,3.826046610378483
-53.63525390625,-0.62213134765625,3.028793334960937,11.724777914333384
26.36474609375,1.37786865234375,10.528793334960938,5.662188044889976
66.36474609375,-1.62213134765625,6.7787933349609375,0.158860387274423
-13.63525390625,0.37786865234375,14.278793334960938,6.677873294181425
-33.63525390625,1.87786865234375,4.9037933349609375,4.557259765309606
46.36474609375,-0.12213134765625,12.403793334960938,2.009682903681753
6.36474609375,0.87786865234375,1.153793334960937,11.865639564525598
-73.63525390625,-1.12213134765625,8.653793334960938,10.30357541784515
-71.13525390625,-0.43463134765625,5.6069183349609375,15.123002382121705
8.86474609375,1.56536865234375,13.106918334960938,4.730235641967382
48.86474609375,-1.43463134765625,1.856918334960937,0.627221115216406
-31.13525390625,0.56536865234375,9.356918334960938,9.06493630098984
-11.13525390625,1.06536865234375,3.731918334960937,9.178823634230428
68.86474609375,-0.93463134765625,11.231918334960938,0.152878983005724
28.86474609375,0.06536865234375,7.4819183349609375,5.341746633948883
-51.13525390625,-1.93463134765625,14.981918334960938,3.2218786544809372
-41.13525390625,0.31536865234375,0.9194183349609371,16.218222458749665
38.86474609375,-1.68463134765625,8.419418334960938,0.6222596123288591
78.86474609375,1.31536865234375,4.6694183349609375,8.305212813567824
-1.13525390625,-0.68463134765625,12.169418334960938,2.911783428724424
-21.13525390625,-1.18463134765625,6.5444183349609375,3.3154839651364663
58.86474609375,0.81536865234375,14.044418334960938,4.92053087608067
18.86474609375,-0.18463134765625,2.794418334960937,4.383252028579489
-61.13525390625,1.81536865234375,10.294418334960938,2.821607114622007
-66.13525390625,-1.55963134765625,2.325668334960937,10.316842446532153
13.86474609375,0.44036865234375,9.825668334960938,6.790723141954385
53.86474609375,-0.55963134765625,6.075668334960937,1.026588761460635
-26.13525390625,1.44036865234375,13.575668334960938,3.815350527945244
-6.13525390625,0.94036865234375,4.200668334960937,10.683994558467743
73.86474609375,-1.05963134765625,11.700668334960938,0.049090517527721006
33.86474609375,1.94036865234375,0.45066833496093706,7.141391634919136
-46.13525390625,-0.05963134765625,7.9506683349609375,12.390780249318732
-56.13525390625,1.69036865234375,7.013168334960937,3.508096598805848
23.86474609375,-0.30963134765625,14.513168334960938,2.734609042796905
63.86474609375,0.69036865234375,3.263168334960937,8.86923291264577
-16.13525390625,-1.30963134765625,10.763168334960938,2.592526237336545
-36.13525390625,-0.80963134765625,1.388168334960937,5.975654716100895
43.86474609375,1.19036865234375,8.888168334960938,6.995000752613943
-42.52197265625,-1.30328369140625,0.265731811523437,1.856581399795786
37.47802734375,0.69671630859375,7.7657318115234375,7.629007440191107
77.47802734375,-0.30328369140625,4.015731811523437,4.7813721014718595
-2.52197265625,1.69671630859375,11.515731811523438,4.7060394906695535
-22.52197265625,0.19671630859375,5.8907318115234375,13.329805262440443
57.47802734375,-1.80328369140625,13.390731811523438,0.20977961631580203
17.47802734375,1.19671630859375,2.140731811523437,8.070053127327569
-62.52197265625,-0.80328369140625,9.640731811523438,9.151067902974447
-67.52197265625,0.57171630859375,2.609481811523437,15.398936024988242
12.47802734375,-1.42828369140625,10.109481811523438,1.4233751482153432
52.47802734375,1.57171630859375,6.359481811523437,6.99470538728455
-27.52197265625,-0.42828369140625,13.859481811523438,5.657584563204841
-7.52197265625,-1.92828369140625,4.4844818115234375,1.7723064384758351
72.47802734375,0.07171630859375,11.984481811523438,3.623305527594557
32.47802734375,-0.92828369140625,0.7344818115234371,1.440706173053305
-47.52197265625,1.07171630859375,8.234481811523438,4.417496540889907
-57.52197265625,-0.67828369140625,7.296981811523437,11.161831133288409
22.47802734375,1.32171630859375,14.796981811523438,4.550337946700643
62.47802734375,-1.67828369140625,3.546981811523437,0.25116044866388304
-17.52197265625,0.32171630859375,11.046981811523438,8.63677602669078
-37.52197265625,1.82171630859375,1.671981811523437,4.9353465207071245
42.47802734375,-0.17828369140625,9.171981811523438,2.14291518895518
2.47802734375,0.82171630859375,5.4219818115234375,11.126528796918821
-77.52197265625,-1.17828369140625,12.921981811523438,9.445637495784302
-78.14697265625,1.77484130859375,2.082138061523437,2.427468400408229
1.85302734375,-0.22515869140625,9.582138061523438,5.006913077835995
41.85302734375,0.77484130859375,5.8321380615234375,8.906461679748569
-38.14697265625,-1.22515869140625,13.332138061523438,3.699962638490526
-18.14697265625,-0.72515869140625,3.957138061523437,4.459403684513016
61.85302734375,1.27484130859375,11.457138061523438,5.684050965739075
21.85302734375,-1.72515869140625,0.20713806152343703,0.41908699116727904
-58.14697265625,0.27484130859375,7.7071380615234375,12.13185870637215
-48.14697265625,-1.97515869140625,6.7696380615234375,4.124160260862856
31.85302734375,0.02484130859375,14.269638061523438,4.092800687280871
71.85302734375,-0.97515869140625,3.019638061523437,0.205648646424252
-8.14697265625,1.02484130859375,10.519638061523438,5.653810935547878
-28.14697265625,0.52484130859375,1.144638061523437,15.679954000738327
51.85302734375,-1.47515869140625,8.644638061523438,0.435493476441411
11.85302734375,1.52484130859375,4.8946380615234375,7.293864338399759
-68.14697265625,-0.47515869140625,12.394638061523438,9.64287933763089
-63.14697265625,0.14984130859375,5.3633880615234375,15.994486742486362
16.85302734375,-1.85015869140625,12.863388061523438,0.9791639536431671
56.85302734375,1.14984130859375,1.613388061523437,9.68907879065358
-23.14697265625,-0.85015869140625,9.113388061523438,4.09009491105301
-3.14697265625,-1.35015869140625,3.488388061523437,2.200482412509884
76.85302734375,0.64984130859375,10.988388061523438,5.139129719744811
36.85302734375,-0.35015869140625,7.238388061523437,2.097731050738091
-43.14697265625,1.64984130859375,14.738388061523438,3.179290976509143
-53.14697265625,-0.10015869140625,0.6758880615234371,15.310541912242718
26.85302734375,1.89984130859375,8.175888061523438,6.521062447290057
41.8408203125,1.5213623046875,4.730072021484375,6.895748565981877
-38.1591796875,-0.4786376953125,12.230072021484375,6.6325012209446665
-18.1591796875,-1.9786376953125,6.605072021484375,2.152487934396269
61.8408203125,0.0213623046875,14.105072021484375,1.439300923209427
21.8408203125,-0.9786376953125,2.855072021484375,1.7473671226966911
-58.1591796875,1.0213623046875,10.355072021484375,3.548766334611533
-48.1591796875,-0.7286376953125,3.792572021484375,9.451020324662633
31.8408203125,1.2713623046875,11.292572021484375,5.832715553411858
71.8408203125,-1.7286376953125,0.042572021484375,0.000529807778561
-8.1591796875,0.2713623046875,7.542572021484375,10.329064095056514
-28.1591796875,1.7713623046875,1.917572021484375,5.548566347243726
51.8408203125,-0.2286376953125,9.417572021484375,1.4058305907383
11.8408203125,0.7713623046875,5.667572021484375,10.63976938740015
-68.1591796875,-1.2286376953125,13.167572021484375,7.632294878905696
-63.1591796875,1.3963623046875,6.136322021484375,3.512333939473669
16.8408203125,-0.6036376953125,13.636322021484375,2.194931173896587
56.8408203125,0.3963623046875,2.386322021484375,7.327819349962227
-23.1591796875,-1.6036376953125,9.886322021484375,2.617218427397928
-3.1591796875,-0.1036376953125,0.511322021484375,7.580450726373004
76.8408203125,1.8963623046875,8.011322021484375,6.587161983691566
36.8408203125,-1.1036376953125,4.261322021484375,1.093233996996971
-43.1591796875,0.8963623046875,11.761322021484375,4.25911953844229
-53.1591796875,-1.3536376953125,3.323822021484375,6.853394747656586
26.8408203125,0.6463623046875,10.823822021484375,6.18344853521832
66.8408203125,-0.3536376953125,7.073822021484375,0.595703848562611
-13.1591796875,1.6463623046875,14.573822021484375,3.995799550236089
-33.1591796875,0.1463623046875,5.198822021484375,15.194097799307121
46.8408203125,-1.8536376953125,12.698822021484375,0.38357239240227303
6.8408203125,1.1463623046875,1.448822021484375,8.465857772222625
-73.1591796875,-0.8536376953125,8.948822021484375,10.512836878842057
-70.6591796875,-1.6661376953125,4.964447021484375,12.628206570907544
9.3408203125,0.3338623046875,12.464447021484375,6.452654396211171
49.3408203125,-0.6661376953125,1.214447021484375,1.142059601148625
-30.6591796875,1.3338623046875,8.714447021484375,4.716127199919927
-10.6591796875,0.8338623046875,3.089447021484375,12.590189156167387
69.3408203125,-1.1661376953125,10.589447021484375,0.12620954745562402
29.3408203125,1.8338623046875,6.839447021484375,7.007794076543748
-50.6591796875,-0.1661376953125,14.339447021484375,9.239268867455605
-40.6591796875,1.5838623046875,0.276947021484375,5.347795667040668
39.3408203125,-0.4161376953125,7.776947021484375,1.752689117973961
79.3408203125,0.5838623046875,4.026947021484375,7.8918653488438295
-0.6591796875,-1.4161376953125,11.526947021484375,1.819734654090075
-20.6591796875,-0.9161376953125,5.901947021484375,3.9889916253751103
59.3408203125,1.0838623046875,13.401947021484375,5.178801291396364
19.3408203125,-1.9161376953125,2.151947021484375,0.990748317354965
-60.6591796875,0.0838623046875,9.651947021484375,10.966557716412263
-65.6591796875,-0.2911376953125,2.620697021484375,16.951657131883056
14.3408203125,1.7088623046875,10.120697021484375,5.6030076096640595
54.3408203125,-1.2911376953125,6.370697021484375,0.47707987285795206
-25.6591796875,0.7088623046875,13.870697021484375,5.136894083525206
-56.44775390625,1.24505615234375,9.503402709960938,3.490864785064114
-46.44775390625,-0.50494384765625,4.8159027099609375,10.94191803344262
33.55224609375,1.49505615234375,12.315902709960938,5.134937535709755
73.55224609375,-1.50494384765625,1.065902709960937,0.136801985739533
-6.44775390625,0.49505615234375,8.565902709960938,9.114471340003323
-26.44775390625,1.99505615234375,2.940902709960937,4.785642670727622
53.55224609375,-0.00494384765625,10.440902709960938,2.014295793668114
13.55224609375,0.99505615234375,6.6909027099609375,8.669924736387227
-66.44775390625,-1.00494384765625,14.190902709960938,7.863678376881932
-61.44775390625,1.37005615234375,7.159652709960937,3.526964883217837
18.55224609375,-0.62994384765625,14.659652709960938,1.952069172061798
58.55224609375,0.37005615234375,3.409652709960937,6.700247517726564
-21.44775390625,-1.62994384765625,10.909652709960938,2.466284450852763
-1.44775390625,-0.12994384765625,1.534652709960937,7.035110540334333
78.55224609375,1.87005615234375,9.034652709960938,6.065224194052819
38.55224609375,-1.12994384765625,5.284652709960937,0.9990928640766291
-41.44775390625,0.87005615234375,12.784652709960938,4.238293339750238
-51.44775390625,-1.37994384765625,2.472152709960937,6.103078317240157
28.55224609375,0.62005615234375,9.972152709960938,6.325903895038163
68.55224609375,-0.37994384765625,6.222152709960937,0.508332205708949
-11.44775390625,1.62005615234375,13.722152709960938,4.188812688325131
-31.44775390625,0.12005615234375,4.347152709960937,14.990317307780822
48.55224609375,-1.87994384765625,11.847152709960938,0.351367792935377
8.55224609375,1.12005615234375,0.5971527099609371,8.785472326869803
-71.44775390625,-0.87994384765625,8.097152709960938,11.158248707641915
-73.94775390625,-1.56744384765625,4.112777709960937,14.610854144277836
6.05224609375,0.43255615234375,11.612777709960938,6.558173793729226
46.05224609375,-0.56744384765625,0.36277770996093706,1.211387915429422
-33.94775390625,1.43255615234375,7.8627777099609375,4.613696142497089
-13.94775390625,0.93255615234375,2.237777709960937,11.484226347562727
66.05224609375,-1.06744384765625,9.737777709960938,0.21097746418432703
26.05224609375,1.93255615234375,5.9877777099609375,7.180409940084967
-53.94775390625,-0.06744384765625,13.487777709960938,9.893540342138925
-43.94775390625,1.68255615234375,1.300277709960937,5.052185727646851
36.05224609375,-0.31744384765625,8.800277709960938,2.151273414195137
76.05224609375,0.68255615234375,5.050277709960937,7.582632859575597
-3.94775390625,-1.31744384765625,12.550277709960938,1.9642164105105682
-23.94775390625,-0.81744384765625,6.9252777099609375,4.581536808910244
56.05224609375,1.18255615234375,14.425277709960938,4.914729927660779
16.05224609375,-1.81744384765625,3.175277709960937,1.150632657686634
-63.94775390625,0.18255615234375,10.675277709960938,9.578026840631694
-68.94775390625,-0.44244384765625,3.644027709960937,17.171955950063065
11.05224609375,1.55755615234375,11.144027709960938,5.20874062788237
51.05224609375,-1.44244384765625,7.3940277099609375,0.473608307074512
-28.94775390625,0.55755615234375,14.894027709960938,5.405628838715839
-8.94775390625,1.05755615234375,5.5190277099609375,8.405816293665215
71.05224609375,-0.94244384765625,13.019027709960938,0.091685668192586
31.05224609375,0.05755615234375,1.769027709960937,5.569051382198691
-48.94775390625,-1.94244384765625,9.269027709960938,3.9893240771339933
-58.94775390625,0.30755615234375,6.4565277099609375,13.608706367109109
-9.10888671875,-0.64056396484375,10.597000122070312,3.68885207350397
-29.10888671875,-1.14056396484375,1.222000122070312,3.856273407666305
50.89111328125,0.85943603515625,8.722000122070312,7.075284857952767
10.89111328125,-0.14056396484375,4.9720001220703125,5.475377624077907
-69.10888671875,1.85943603515625,12.472000122070312,2.4864178831542842
-64.10888671875,-1.51556396484375,5.4407501220703125,9.900608640392523
15.89111328125,0.48443603515625,12.940750122070312,5.803901855119756
55.89111328125,-0.51556396484375,1.690750122070312,1.018584169455059
-24.10888671875,1.48443603515625,9.190750122070312,4.67831901644516
-4.10888671875,0.98443603515625,3.565750122070312,10.268343377665557
75.89111328125,-1.01556396484375,11.065750122070312,0.029303667197977
35.89111328125,1.98443603515625,7.315750122070312,7.012279355125371
-44.10888671875,-0.01556396484375,14.815750122070312,9.605266574201211
-54.10888671875,1.73443603515625,0.7532501220703121,4.019538701532088
25.89111328125,-0.26556396484375,8.253250122070312,3.112200529992175
65.89111328125,0.73443603515625,4.5032501220703125,8.354482778227117
-14.10888671875,-1.26556396484375,12.003250122070312,2.463770567383402
-34.10888671875,-0.76556396484375,6.3782501220703125,6.034698099280275
45.89111328125,1.23443603515625,13.878250122070312,5.014430997850489
5.89111328125,-1.76556396484375,2.628250122070312,1.457540781311261
-74.10888671875,0.23443603515625,10.128250122070312,7.895211964424826
-71.60888671875,1.29693603515625,5.6751251220703125,3.116988093634512
8.39111328125,-0.70306396484375,13.175125122070312,2.353672377161507
48.39111328125,0.29693603515625,1.925125122070312,6.437072461006931
-31.60888671875,-1.70306396484375,9.425125122070312,2.9655873996598663
-11.60888671875,-0.20306396484375,0.05012512207031201,2.960862975399869
68.39111328125,1.79693603515625,7.5501251220703125,6.92103685157713
28.39111328125,-1.20306396484375,3.800125122070312,1.280421217580842
-51.60888671875,0.79693603515625,11.300125122070312,4.359203821530245
-41.60888671875,-1.45306396484375,2.862625122070312,4.313080749698052
38.39111328125,0.54693603515625,10.362625122070312,5.658974358781402
78.39111328125,-0.45306396484375,6.6126251220703125,3.619719738823467
-1.60888671875,1.54693603515625,14.112625122070312,4.411065353425782
-21.60888671875,0.04693603515625,4.7376251220703125,12.213959166151877
58.39111328125,-1.95306396484375,12.237625122070312,0.18734608902351202
18.39111328125,1.04693603515625,0.9876251220703121,9.744708726393817
-61.60888671875,-0.95306396484375,8.487625122070312,9.428586939514414
-66.60888671875,0.67193603515625,1.456375122070312,15.568968790659932
13.39111328125,-1.32806396484375,8.956375122070312,1.498781317140813
53.39111328125,1.67193603515625,5.206375122070312,6.910267848637242
-26.60888671875,-0.32806396484375,12.706375122070312,6.377181059807575
-6.60888671875,-1.82806396484375,7.081375122070312,1.806360924348812
73.39111328125,0.17193603515625,14.581375122070312,3.5177655654033
33.39111328125,-0.82806396484375,3.331375122070312,1.5400521466149741
-46.60888671875,1.17193603515625,10.831375122070312,3.75748839444962
-56.60888671875,-0.57806396484375,4.268875122070312,13.51780273690708
23.39111328125,1.42193603515625,11.768875122070312,5.162455155256099
63.39111328125,-1.57806396484375,0.5188751220703121,0.23026709670459303
-16.60888671875,0.42193603515625,8.018875122070312,10.646218966222008
-36.60888671875,1.92193603515625,2.393875122070312,4.631906112465083
7.42431640625,0.64776611328125,3.874282836914062,12.560373373696894
-72.57568359375,-1.35223388671875,11.374282836914062,8.5367651852224
-70.07568359375,-0.16473388671875,0.8274078369140621,17.294538714510356
9.92431640625,1.83526611328125,8.327407836914062,5.8152731355414815
49.92431640625,-1.16473388671875,4.5774078369140625,0.6768177672563881
-30.07568359375,0.83526611328125,12.077407836914062,4.9339446532499895
-10.07568359375,1.33526611328125,6.4524078369140625,6.087088244317112
69.92431640625,-0.66473388671875,13.952407836914062,0.14669563369080402
29.92431640625,0.33526611328125,2.702407836914062,8.755548152779655
-50.07568359375,-1.66473388671875,10.202407836914062,4.37025689655919
-40.07568359375,0.08526611328125,5.5149078369140625,15.527220600934578
39.92431640625,-1.91473388671875,13.014907836914062,0.48399392214634
79.92431640625,1.08526611328125,1.764907836914062,9.53499609968384
-0.07568359375,-0.91473388671875,9.264907836914062,2.525528351119043
-20.07568359375,-1.41473388671875,3.639907836914062,2.877918387937492
59.92431640625,0.58526611328125,11.139907836914062,5.185831037191762
19.92431640625,-0.41473388671875,7.3899078369140625,2.984648355604371
-60.07568359375,1.58526611328125,14.889907836914062,2.795466561805037
-65.07568359375,-1.78973388671875,6.9211578369140625,8.36134075474237
14.92431640625,0.21026611328125,14.421157836914062,6.678944815298215
54.92431640625,-0.78973388671875,3.171157836914062,0.8211359872449071
-25.07568359375,1.21026611328125,10.671157836914062,4.596156330612588
-5.07568359375,0.71026611328125,1.296157836914062,13.842264072327405
74.92431640625,-1.28973388671875,8.796157836914062,0.040773057478251
34.92431640625,1.71026611328125,5.046157836914062,7.437227960064732
-45.07568359375,-0.28973388671875,12.546157836914062,8.444804180389463
-55.07568359375,1.96026611328125,2.233657836914062,3.3514767004245822
24.92431640625,-0.03973388671875,9.733657836914062,4.509291313582736
64.92431640625,0.96026611328125,5.9836578369140625,8.08870024828089
-15.07568359375,-1.03973388671875,13.483657836914062,2.695381600022013
-35.07568359375,-0.53973388671875,4.108657836914062,7.9596963680482595
44.92431640625,1.46026611328125,11.608657836914062,5.572817814806831
4.92431640625,-1.53973388671875,0.358657836914062,1.1904934354599641
-75.07568359375,0.46026611328125,7.8586578369140625,6.523836533385115
-76.32568359375,-1.69598388671875,2.585220336914062,14.90475530771454
3.67431640625,0.30401611328125,10.085220336914062,7.6132232433725235
43.67431640625,-0.69598388671875,6.335220336914062,1.265465706286233
-36.32568359375,1.30401611328125,13.835220336914062,3.653926822982252
-16.32568359375,0.80401611328125,4.4602203369140625,12.564626694530295
63.67431640625,-1.19598388671875,11.960220336914062,0.20868951573698102
23.67431640625,1.80401611328125,0.7102203369140621,7.948544991583888
-56.32568359375,-0.19598388671875,8.210220336914062,12.347083728455484
-46.32568359375,1.55401611328125,7.272720336914062,4.04625535014631
33.67431640625,-0.44598388671875,14.772720336914062,1.69521428817855
73.67431640625,0.55401611328125,3.522720336914062,8.082524987561365
-6.32568359375,-1.44598388671875,11.022720336914062,2.023448270142582
-26.32568359375,-0.94598388671875,1.647720336914062,4.160584312745121
53.67431640625,1.05401611328125,9.147720336914062,6.911428642326998
13.67431640625,-1.94598388671875,5.3977203369140625,1.109107586040588
-66.32568359375,0.05401611328125,12.897720336914062,9.529659754362836
-51.982421875,0.832763671875,8.93463134765625,5.196913104480336
-41.982421875,-1.417236328125,6.12213134765625,4.601488363724488
38.017578125,0.582763671875,13.62213134765625,5.080015303204903
78.017578125,-0.417236328125,2.37213134765625,4.506421122532038
-1.982421875,1.582763671875,9.87213134765625,5.154806636889144
-21.982421875,0.082763671875,0.49713134765625,12.605395732392198
58.017578125,-1.917236328125,7.99713134765625,0.22745468626037302
18.017578125,1.082763671875,4.24713134765625,8.990688044713455
-61.982421875,-0.917236328125,11.74713134765625,7.808466842909796
-66.982421875,0.707763671875,3.77838134765625,11.97926037667701
13.017578125,-1.292236328125,11.27838134765625,1.4862097266672412
53.017578125,1.707763671875,0.02838134765625,1.8200432919285001
-26.982421875,-0.292236328125,7.52838134765625,7.891807175453074
-6.982421875,-1.792236328125,1.90338134765625,1.872594485117605
73.017578125,0.207763671875,9.40338134765625,4.749820135569882
33.017578125,-0.792236328125,5.65338134765625,1.55773881280394
-46.982421875,1.207763671875,13.15338134765625,3.48015676977177
-56.982421875,-0.542236328125,0.96588134765625,12.865017701485261
23.017578125,1.457763671875,8.46588134765625,5.826351729404262
63.017578125,-1.542236328125,4.71588134765625,0.260804379474637
-16.982421875,0.457763671875,12.21588134765625,6.923738532608627
-36.982421875,1.957763671875,6.59088134765625,3.98348528869841
43.017578125,-0.042236328125,14.09088134765625,2.676263569957389
3.017578125,0.957763671875,2.84088134765625,10.618826030072874
-76.982421875,-1.042236328125,10.34088134765625,9.838140766574774
-75.732421875,0.801513671875,1.55181884765625,14.05733101751911
4.267578125,-1.198486328125,9.05181884765625,1.9847066251563632
44.267578125,1.801513671875,5.30181884765625,7.055304029849329
-35.732421875,-0.198486328125,12.80181884765625,8.07254265566893
-15.732421875,-1.698486328125,7.17681884765625,2.30611000835951
64.267578125,0.301513671875,14.67681884765625,3.469472604823037
24.267578125,-0.698486328125,3.42681884765625,2.101704744584745
-55.732421875,1.301513671875,10.92681884765625,3.279855431469519
-45.732421875,-0.948486328125,4.36431884765625,7.3383103200290805
34.267578125,1.051513671875,11.86431884765625,5.963601975543316
74.267578125,-1.948486328125,0.61431884765625,0.033283724961759
-5.732421875,0.051513671875,8.11431884765625,8.747664199315954
-25.732421875,1.551513671875,2.48931884765625,6.206951852624321
54.267578125,-0.448486328125,9.98931884765625,1.037085552969264
14.267578125,0.551513671875,6.23931884765625,9.683643623158817
-65.732421875,-1.448486328125,13.73931884765625,6.415447612380597
-60.732421875,1.176513671875,5.77056884765625,4.12104624248827
19.267578125,-0.823486328125,13.27056884765625,1.692505704328295
59.267578125,0.176513671875,2.02056884765625,4.281486498660026
-20.732421875,-1.823486328125,9.52056884765625,2.305097341032599
-0.732421875,-0.323486328125,0.14556884765625,3.8960863667129013
79.267578125,1.676513671875,7.64556884765625,6.6159590999281495
39.267578125,-1.323486328125,3.89556884765625,0.87515769201224
-40.732421875,0.676513671875,11.39556884765625,5.512028580956235
-50.732421875,-1.073486328125,2.95806884765625,7.596371594143324
-19.7412109375,-1.2164306640625,2.007293701171875,3.095967615765014
60.2587890625,0.7835693359375,9.507293701171875,6.161046059994249
20.2587890625,-0.2164306640625,5.757293701171875,4.043473231010194
-59.7412109375,1.7835693359375,13.257293701171875,2.684498419492132
-49.7412109375,-0.4664306640625,1.069793701171875,11.597545125135062
30.2587890625,1.5335693359375,8.569793701171875,5.948317718351407
70.2587890625,-1.4664306640625,4.819793701171875,0.129799925448099
-9.7412109375,0.5335693359375,12.319793701171875,6.422507041865222
-29.7412109375,1.0335693359375,6.694793701171875,6.947967797541074
50.2587890625,-0.9664306640625,14.194793701171875,0.5993696153944841
10.2587890625,0.0335693359375,2.944793701171875,7.622411071085658
-69.7412109375,-1.9664306640625,10.444793701171875,6.760811343979607
-64.7412109375,1.6585693359375,3.413543701171875,3.368716632058309
15.2587890625,-0.3414306640625,10.913543701171875,3.336272869309738
55.2587890625,0.6585693359375,7.163543701171875,7.023406918358408
-24.7412109375,-1.3414306640625,14.663543701171875,2.620650932919138
-4.7412109375,-0.8414306640625,5.288543701171875,3.092389218439202
75.2587890625,1.1585693359375,12.788543701171875,5.070749041406581
35.2587890625,-1.8414306640625,1.538543701171875,0.7585147742615601
-44.7412109375,0.1585693359375,9.038543701171875,11.883246410313905
-54.7412109375,-1.5914306640625,6.226043701171875,6.295687648525919
25.2587890625,0.4085693359375,13.726043701171875,5.261229510668948
65.2587890625,-0.5914306640625,2.476043701171875,0.59072428471527
-14.7412109375,1.4085693359375,9.976043701171875,4.882356485737916
-34.7412109375,0.9085693359375,0.601043701171875,12.888556352605182
45.2587890625,-1.0914306640625,8.101043701171875,0.7617665241553571
5.2587890625,1.9085693359375,4.351043701171875,6.5475491695316705
-74.7412109375,-0.0914306640625,11.851043701171875,9.230453418433955
-72.2412109375,-1.4039306640625,0.36666870117187506,2.067296741464391
7.7587890625,0.5960693359375,7.866668701171875,8.91646793215278
47.7587890625,-0.4039306640625,4.116668701171875,1.538583880889145
-32.2412109375,1.5960693359375,11.616668701171875,3.765600492671794
-12.2412109375,0.0960693359375,5.991668701171875,10.82806756947465
67.7587890625,-1.9039306640625,13.491668701171875,0.074874998238976
27.7587890625,1.0960693359375,2.241668701171875,9.214224509855347
-52.2412109375,-0.9039306640625,9.741668701171875,7.025757928024426
-42.2412109375,1.3460693359375,5.054168701171875,5.1204392325949
37.7587890625,-0.6539306640625,12.554168701171875,1.355332607227681
77.7587890625,0.3460693359375,1.304168701171875,8.070718820861112
-2.2412109375,-1.6539306640625,8.804168701171875,1.7684954770595112
-22.2412109375,-0.1539306640625,3.179168701171875,9.666690124715943
57.7587890625,1.8460693359375,10.679168701171875,5.664277226350661
17.7587890625,-1.1539306640625,6.929168701171875,1.588451536225465
-62.2412109375,0.8460693359375,14.429168701171875,3.393852780896709
-67.2412109375,-0.5289306640625,7.397918701171875,12.646048263447963
12.7587890625,1.4710693359375,14.897918701171875,4.44735465712054
52.7587890625,-1.5289306640625,3.647918701171875,0.475404491043707
-27.2412109375,0.4710693359375,11.147918701171875,7.697747558681219
-7.2412109375,1.9710693359375,1.772918701171875,5.923868776426226
72.7587890625,-0.0289306640625,9.272918701171875,3.742770101784302
